{"cameraMode":{"drawMode":0,"name":"Shaded","section":"Shading Mode"},"sceneLighting":true,"audioPlay":false,"sceneViewState":{"showFog":true,"showMaterialUpdate":false,"showSkybox":true,"showFlares":true,"showImageEffects":true,"showParticleSystems":true},"in2DMode":false,"pivot":{"x":-39.77954864501953,"y":-3.536945343017578,"z":13.842232704162598},"rotation":{"x":-0.05731523782014847,"y":0.9263728857040405,"z":-0.15740624070167542,"w":-0.3373119533061981},"size":22.0,"orthographic":false}