{"cameraMode":{"drawMode":0,"name":"Shaded","section":"Shading Mode"},"sceneLighting":false,"audioPlay":false,"sceneViewState":{"showFog":true,"showMaterialUpdate":false,"showSkybox":false,"showFlares":true,"showImageEffects":true,"showParticleSystems":true},"in2DMode":false,"pivot":{"x":-34.26348876953125,"y":5.641435623168945,"z":35.34885025024414},"rotation":{"x":0.02599487267434597,"y":0.9332481622695923,"z":-0.35160699486732485,"w":0.06900035589933396},"size":0.5715743899345398,"orthographic":false}