{"cameraMode":{"drawMode":0,"name":"Shaded","section":"Shading Mode"},"sceneLighting":true,"audioPlay":false,"sceneViewState":{"showFog":true,"showMaterialUpdate":false,"showSkybox":true,"showFlares":true,"showImageEffects":true,"showParticleSystems":true},"in2DMode":false,"pivot":{"x":-32.557952880859378,"y":4.972080230712891,"z":34.40605163574219},"rotation":{"x":0.0656781941652298,"y":0.9329460263252258,"z":-0.2226884514093399,"w":0.27515527606010439},"size":3.5234358310699465,"orthographic":false}