{"cameraMode":{"drawMode":0,"name":"Shaded","section":"Shading Mode"},"sceneLighting":true,"audioPlay":false,"sceneViewState":{"showFog":true,"showMaterialUpdate":false,"showSkybox":true,"showFlares":true,"showImageEffects":true,"showParticleSystems":true},"in2DMode":false,"pivot":{"x":-24.085058212280275,"y":1.1312423944473267,"z":16.384855270385743},"rotation":{"x":-0.0074478695169091229,"y":-0.9731984734535217,"z":0.22767244279384614,"w":-0.03184303641319275},"size":3.696096658706665,"orthographic":false}