{"cameraMode":{"drawMode":0,"name":"Shaded","section":"Shading Mode"},"sceneLighting":true,"audioPlay":false,"sceneViewState":{"showFog":true,"showMaterialUpdate":false,"showSkybox":true,"showFlares":true,"showImageEffects":true,"showParticleSystems":true},"in2DMode":false,"pivot":{"x":-0.44201961159706118,"y":2.4225845336914064,"z":3.978281259536743},"rotation":{"x":0.018302273005247117,"y":-0.034412506967782977,"z":0.0005737207247875631,"w":0.9993067383766174},"size":13.14067554473877,"orthographic":false}