{"cameraMode":{"drawMode":0,"name":"Shaded","section":"Shading Mode"},"sceneLighting":true,"audioPlay":false,"sceneViewState":{"showFog":true,"showMaterialUpdate":false,"showSkybox":true,"showFlares":true,"showImageEffects":true,"showParticleSystems":true},"in2DMode":false,"pivot":{"x":-0.27386462688446047,"y":-1.870436191558838,"z":-17.15052032470703},"rotation":{"x":-0.0011489515891298652,"y":0.9934555292129517,"z":-0.11708888411521912,"w":-0.013090617023408413},"size":37.16065216064453,"orthographic":false}