{"cameraMode":{"drawMode":0,"name":"Shaded","section":"Shading Mode"},"sceneLighting":false,"audioPlay":false,"sceneViewState":{"showFog":true,"showMaterialUpdate":false,"showSkybox":false,"showFlares":true,"showImageEffects":true,"showParticleSystems":true},"in2DMode":false,"pivot":{"x":-34.332427978515628,"y":5.754335880279541,"z":35.26687240600586},"rotation":{"x":-0.001357570174150169,"y":0.9712567329406738,"z":-0.23800112307071687,"w":-0.0055350689217448238},"size":0.5715743899345398,"orthographic":false}