{"cameraMode":{"drawMode":0,"name":"Shaded","section":"Shading Mode"},"sceneLighting":false,"audioPlay":false,"sceneViewState":{"showFog":true,"showMaterialUpdate":false,"showSkybox":false,"showFlares":true,"showImageEffects":true,"showParticleSystems":true},"in2DMode":false,"pivot":{"x":-1.7392873764038087,"y":-0.04631936550140381,"z":1.3136143684387208},"rotation":{"x":0.13184161484241486,"y":-0.6470087766647339,"z":0.11493782699108124,"w":0.742170512676239},"size":4.666904449462891,"orthographic":false}