{"cameraMode":{"drawMode":0,"name":"Shaded","section":"Shading Mode"},"sceneLighting":true,"audioPlay":false,"sceneViewState":{"showFog":true,"showMaterialUpdate":false,"showSkybox":true,"showFlares":true,"showImageEffects":true,"showParticleSystems":true},"in2DMode":false,"pivot":{"x":-2.376871109008789,"y":0.10378074645996094,"z":-0.9592103958129883},"rotation":{"x":0.06375590711832047,"y":0.9179827570915222,"z":-0.35532844066619875,"w":0.16478708386421204},"size":5.892319202423096,"orthographic":false}