{"cameraMode":{"drawMode":0,"name":"Shaded","section":"Shading Mode"},"sceneLighting":false,"audioPlay":false,"sceneViewState":{"showFog":true,"showMaterialUpdate":false,"showSkybox":false,"showFlares":true,"showImageEffects":true,"showParticleSystems":true},"in2DMode":false,"pivot":{"x":-1.4230879545211793,"y":1.9285612106323243,"z":0.17060184478759767},"rotation":{"x":-0.03737155720591545,"y":-0.7593829035758972,"z":0.6481040120124817,"w":-0.04379112273454666},"size":6.264771461486816,"orthographic":false}