{"cameraMode":{"drawMode":0,"name":"Shaded","section":"Shading Mode"},"sceneLighting":false,"audioPlay":false,"sceneViewState":{"showFog":true,"showMaterialUpdate":false,"showSkybox":false,"showFlares":true,"showImageEffects":true,"showParticleSystems":true},"in2DMode":false,"pivot":{"x":-0.3854994773864746,"y":3.2635223865509035,"z":0.0},"rotation":{"x":0.4010803997516632,"y":0.02198035828769207,"z":-0.009620425291359425,"w":0.9157577753067017},"size":50.30097198486328,"orthographic":false}