{"cameraMode":{"drawMode":0,"name":"Shaded","section":"Shading Mode"},"sceneLighting":true,"audioPlay":false,"sceneViewState":{"showFog":true,"showMaterialUpdate":false,"showSkybox":true,"showFlares":true,"showImageEffects":true,"showParticleSystems":true},"in2DMode":false,"pivot":{"x":37.76594543457031,"y":-13.426136016845704,"z":10.283370971679688},"rotation":{"x":0.19385448098182679,"y":0.6171737313270569,"z":-0.16048674285411836,"w":0.7455044984817505},"size":44.44831466674805,"orthographic":false}